Workbook

Sheet Calc_Reference
A1: PICATRIX BOOK 1 — CALCULATION REFERENCE CONSTANTS
A3: MANSION_WIDTH (360 / 28, degrees) | B3: =360/28 -> 12.857143
A4: Under-the-rays / combustion band (deg from Sun) | B4: 12
A5: Via Combusta start (abs deg, 8° Libra) | B5: 188
A6: Via Combusta end (abs deg, 3° Scorpio) | B6: 213
A7: Moon "slow" threshold (deg/day) | B7: 12
A9: Zodiac signs (index 1–12, used by mansion formulas)
A10: 1 | B10: Aries
A11: 2 | B11: Taurus
A12: 3 | B12: Gemini
A13: 4 | B13: Cancer
A14: 5 | B14: Leo
A15: 6 | B15: Virgo
A16: 7 | B16: Libra
A17: 8 | B17: Scorpio
A18: 9 | B18: Sagittarius
A19: 10 | B19: Capricorn
A20: 11 | B20: Aquarius
A21: 12 | B21: Pisces

Sheet Index
A1: PICATRIX (Greer & Warnock, Liber Rubeus ed.) — MASTER INDEX
A2: Project scaffold. Book 1 indexed; Ch.3–4 fully detailed in this workbook & companion files. Page nos. = printed pages of this edition.
A4: Book | B4: Chapter | C4: Title (as printed) | D4: Pg | E4: Status
A5: Book 1 | B5: 1 | C5: How you may know your degree in the universe | D5: 25 | E5: indexed
A6: Book 1 | B6: 2 | C6: What magic is and what its properties are | D6: 26 | E6: indexed
A7: Book 1 | B7: 3 | C7: What the heavens are and what their substance is | D7: 30 | E7: ★ DETAILED
A8: Book 1 | B8: 4 | C8: The general theory and arrangement of the heavens for making magical images | D8: 31 | E8: ★ DETAILED
A9: Book 1 | B9: 5 | C9: Examples of the theory of images, and things needful for making them | D9: 39 | E9: indexed
A10: Book 1 | B10: 6 | C10: In what degree everything exists; man as a lesser world (microcosm) | D10: 52 | E10: indexed
A11: Book 1 | B11: 7 | C11: In what degree everything in the universe exists; hidden profundities | D11: 55 | E11: indexed
A12: Book 2 | B12: 1 | C12: How it is possible to learn this science | E12: scaffold
A13: Book 2 | B13: 2 | C13: The images of heaven and their secrets | E13: scaffold
A14: Book 2 | B14: 3 | C14: All the works of the planets, the Sun, and the Moon | E14: scaffold
A15: Book 2 | B15: 4 | C15: The motion of the eighth sphere and the fixed stars | E15: scaffold
A16: Book 2 | B16: 5 | C16: The division of this science among nations | E16: scaffold
A17: Book 2 | B17: 6 | C17: The virtues of images and how they receive planetary powers (foundation of the science) | E17: scaffold
A18: Book 2 | B18: 7 | C18: How to work dialectically in the science of magical images | E18: scaffold
A19: Book 2 | B19: 8 | C19: The order of natural things and how they enter this science | E19: scaffold
A20: Book 2 | B20: 9 | C20: Figures & forms of images that call down planetary assistance | E20: scaffold
A21: Book 2 | B21: 10 | C21: The stones proper to each planet and the formation of figures | E21: scaffold
A22: Book 2 | B22: 11 | C22: The images of the faces of the signs and their effects | E22: scaffold
A23: Book 2 | B23: 12 | C23: The figures & degrees of the signs (per the Hindus) and how virtues are attracted | E23: scaffold
A24: Book 3 | B24: 1 | C24: The parts of the planets in plants, animals and metals | D24: 133 | E24: scaffold
A25: Book 3 | B25: 2 | C25: The parts of the signs in plants, animals, and minerals | D25: 137 | E25: scaffold
A26: Book 3 | B26: 3 | C26: Figures, colors, garments, incenses of the planets; colors of the faces | D26: 140 | E26: scaffold
A27: Book 3 | B27: 4 | C27: Why the secrets may be understood only a little at a time | D27: 143 | E27: scaffold
A28: Book 3 | B28: 5 | C28: Virtues of animals; attracting planetary spirits by figures & suffumigations | D28: 143 | E28: scaffold
A29: Book 3 | B29: 6 | C29: The magistery of drawing planetary spirits with natural things | D29: 150 | E29: scaffold
A30: Book 3 | B30: 7 | C30: Attracting & speaking with planetary virtues; their division & required sky-states | D30: 154 | E30: scaffold
A31: Book 3 | B31: 8 | C31: The Nabatean way of prayer to the Sun and Saturn | D31: 182 | E31: scaffold
A32: Book 3 | B32: 9 | C32: Attracting each planet’s powers & spirits by naming their parts | E32: scaffold
A33: Book 3 | B33: 10 | C33: Confections of planetary spirits; food, suffumigations, unguents, odors | D33: 192 | E33: scaffold
A34: Book 3 | B34: 11 | C34: Effects of magical images; alterations of sight, sleep, poisons | D34: 204 | E34: scaffold
A35: Book 3 | B35: 12 | C35: (concluding chapter of Book 3) | E35: scaffold
A36: Book 4 | B36: 1–9 | C36: Talismanic & Nabatean/Chaldean material, the Perfect Nature, suffumigations, etc. | E36: to index

Sheet Ch3_Planetary_Qualities
A1: BOOK 1, CH. 3 — ELEMENTAL QUALITIES OF THE PLANETS
A2: Doctrine: the rays of each body move things of a corresponding quality; the Sun draws out / amplifies a planet’s virtue. A planet acting with its own nature is stronger; against it, weaker. Source: Picatrix B1 Ch3 (p.30).
A4: Body | B4: Quality (per text) | C4: Element | D4: Role / note | E4: Source
A5: Saturn | B5: cold and dry | C5: Earth | D5: greater infortune; cold/dry | E5: B1 Ch3, p.30
A6: Jupiter | B6: warm and moist | C6: Air | D6: greater fortune; temperate, warm/moist | E6: B1 Ch3, p.30
A7: Mars | B7: hot and dry | C7: Fire | D7: lesser infortune; hot/dry, burning | E7: B1 Ch3, p.30
A8: Sun | B8: hot and dry (amplifier) | C8: Fire | D8: Ch.3: the Sun *attracts/draws out* a planet’s virtue, increasing its effect | E8: B1 Ch3, p.30
A9: Venus | B9: moderately hot, very moist | C9: Air/Water | D9: lesser fortune; temperately warm, very moist | E9: B1 Ch3, p.30
A10: Mercury | B10: weakly hot, very dry | C10: Earth/Air | D10: convertible; faintly warm, very dry | E10: B1 Ch3, p.30
A11: Moon | B11: cold and moist | C11: Water | D11: governs all beneath her; cold/moist | E11: B1 Ch3, p.30
A12: Fixed stars | B12: as the Moon (cold and moist) | C12: Water | D12: Ch.3: fixed stars move the same things as Luna | E12: B1 Ch3, p.30

Sheet Ch4_Lunar_Mansions
A1: BOOK 1, CH. 4 — THE 28 MANSIONS OF THE MOON
A2: Each mansion spans 360/28 = 12°51′25.7″ from 0° Aries. Degree columns are live formulas. Operations are paraphrased keyword summaries (not verbatim). Source: B1 Ch4 (pp.31–38).
A4: # | B4: Latin name (this ed.) | C4: Arabic name | D4: Start° (abs) | E4: End° (abs) | F4: Start sign | G4: Start° in sign | H4: Span | I4: Operations (paraphrased)
A5: 1 | B5: Alnath | C5: Al-Sharatain | D5: =(A5-1)*Calc_Reference!$B$3 -> 0 | E5: =A5*Calc_Reference!$B$3 -> 12.857143 | F5: =INDEX(Calc_Reference!$B$10:$B$21,INT(D5/30)+1) -> Aries | G5: =MOD(D5,30) -> 0 | H5: 0°00′ Aries – 12°51′ Aries | I5: safe journeys & return; medicines; sow discord between spouses/friends/allies; make servants flee
A6: 2 | B6: Albotain | C6: Al-Butain | D6: =(A6-1)*Calc_Reference!$B$3 -> 12.857143 | E6: =A6*Calc_Reference!$B$3 -> 25.714286 | F6: =INDEX(Calc_Reference!$B$10:$B$21,INT(D6/30)+1) -> Aries | G6: =MOD(D6,30) -> 12.857143 | H6: 12°51′ Aries – 25°43′ Aries | I6: dig wells/streams; find treasure; plant wheat; wreck unfinished buildings; enrage one against another; strengthen imprisonment
A7: 3 | B7: Azoraya | C7: Al-Thuraiya | D7: =(A7-1)*Calc_Reference!$B$3 -> 25.714286 | E7: =A7*Calc_Reference!$B$3 -> 38.571429 | F7: =INDEX(Calc_Reference!$B$10:$B$21,INT(D7/30)+1) -> Aries | G7: =MOD(D7,30) -> 25.714286 | H7: 25°43′ Aries – 8°34′ Taurus | I7: safe sea travel; firm imprisonment; alchemy & fire-works; hunting; love between spouses
A8: 4 | B8: Aldebaran | C8: Al-Dabaran | D8: =(A8-1)*Calc_Reference!$B$3 -> 38.571429 | E8: =A8*Calc_Reference!$B$3 -> 51.428571 | F8: =INDEX(Calc_Reference!$B$10:$B$21,INT(D8/30)+1) -> Taurus | G8: =MOD(D8,30) -> 8.5714286 | H8: 8°34′ Taurus – 21°26′ Taurus | I8: destroy cities/buildings; turn lord against servant; discord between spouses; destroy springs/treasure-seekers; kill/bind venomous animals
A9: 5 | B9: Almices | C9: Al-Haqa | D9: =(A9-1)*Calc_Reference!$B$3 -> 51.428571 | E9: =A9*Calc_Reference!$B$3 -> 64.285714 | F9: =INDEX(Calc_Reference!$B$10:$B$21,INT(D9/30)+1) -> Taurus | G9: =MOD(D9,30) -> 21.428571 | H9: 21°26′ Taurus – 4°17′ Gemini | I9: youths learn arts/trades; protect & speed travelers/sailors; improve buildings; break a friendship; favor between spouses (work Moon rising in a humane sign)
A10: 6 | B10: Athaya | C10: Al-Hana | D10: =(A10-1)*Calc_Reference!$B$3 -> 64.285714 | E10: =A10*Calc_Reference!$B$3 -> 77.142857 | F10: =INDEX(Calc_Reference!$B$10:$B$21,INT(D10/30)+1) -> Gemini | G10: =MOD(D10,30) -> 4.2857143 | H10: 4°17′ Gemini – 17°09′ Gemini | I10: destroy & besiege cities; vengeance for kings’ enemies; ruin crops/trees; cause friendship; improve hunting; nullify medicines
A11: 7 | B11: Aldirah | C11: Al-Dhira | D11: =(A11-1)*Calc_Reference!$B$3 -> 77.142857 | E11: =A11*Calc_Reference!$B$3 -> 90 | F11: =INDEX(Calc_Reference!$B$10:$B$21,INT(D11/30)+1) -> Gemini | G11: =MOD(D11,30) -> 17.142857 | H11: 17°09′ Gemini – 0°00′ Cancer | I11: increase merchandise & profit; safe travel & sailing; increase crops; friendship of allies; expel flies; favor before kings/nobles
A12: 8 | B12: Annathra | C12: Al-Nathrah | D12: =(A12-1)*Calc_Reference!$B$3 -> 90 | E12: =A12*Calc_Reference!$B$3 -> 102.85714 | F12: =INDEX(Calc_Reference!$B$10:$B$21,INT(D12/30)+1) -> Cancer | G12: =MOD(D12,30) -> 0 | H12: 0°00′ Cancer – 12°51′ Cancer | I12: love & friendship; safe wagon travel; bind allies in friendship; firm imprisonment; afflict captives; expel mice/bugs
A13: 9 | B13: Atarf | C13: Al-Tarf | D13: =(A13-1)*Calc_Reference!$B$3 -> 102.85714 | E13: =A13*Calc_Reference!$B$3 -> 115.71429 | F13: =INDEX(Calc_Reference!$B$10:$B$21,INT(D13/30)+1) -> Cancer | G13: =MOD(D13,30) -> 12.857143 | H13: 12°51′ Cancer – 25°43′ Cancer | I13: destroy crops; misfortune to travelers; do evil to men; hatred between allies; help a man defend against attack
A14: 10 | B14: Algebha | C14: Al-Jabhah | D14: =(A14-1)*Calc_Reference!$B$3 -> 115.71429 | E14: =A14*Calc_Reference!$B$3 -> 128.57143 | F14: =INDEX(Calc_Reference!$B$10:$B$21,INT(D14/30)+1) -> Cancer | G14: =MOD(D14,30) -> 25.714286 | H14: 25°43′ Cancer – 8°34′ Leo | I14: love between spouses; destroy enemies; firm imprisonment; strengthen/complete buildings; love & mutual aid of allies
A15: 11 | B15: Azobra | C15: Al-Zubrah | D15: =(A15-1)*Calc_Reference!$B$3 -> 128.57143 | E15: =A15*Calc_Reference!$B$3 -> 141.42857 | F15: =INDEX(Calc_Reference!$B$10:$B$21,INT(D15/30)+1) -> Leo | G15: =MOD(D15,30) -> 8.5714286 | H15: 8°34′ Leo – 21°26′ Leo | I15: rescue captives; besiege cities; organize trade & profit; safe travel; stabilize buildings; enrich allies
A16: 12 | B16: Acarfa | C16: Al-Sarfah | D16: =(A16-1)*Calc_Reference!$B$3 -> 141.42857 | E16: =A16*Calc_Reference!$B$3 -> 154.28571 | F16: =INDEX(Calc_Reference!$B$10:$B$21,INT(D16/30)+1) -> Leo | G16: =MOD(D16,30) -> 21.428571 | H16: 21°26′ Leo – 4°17′ Virgo | I16: increase harvests; destroy riches & ships; make allies/officials/captives/servants steadfast & honest
... A32: 28 | B32: Arrexhe | C32: Al-Risha (Batn al-Hut) | D32: =(A32-1)*Calc_Reference!$B$3 -> 347.14286 | E32: =A32*Calc_Reference!$B$3 -> 360 | F32: =INDEX(Calc_Reference!$B$10:$B$21,INT(D32/30)+1) -> Pisces | G32: =MOD(D32,30) -> 17.142857 | H32: 17°09′ Pisces – 30°00′ Pisces | I32: increase merchandise & harvests; besiege cities; lay waste an area; lose treasures; safe travel; peace between spouses; firm imprisonment; harm sailors

Sheet Ch4_Electional_Rules
A1: BOOK 1, CH. 4 — ELECTIONAL RULES FOR TIMING MAGICAL IMAGES
A2: The Moon governs all works beneath her; place her well. For benefic works keep the left column; for malefic works the text says do the contrary. Source: B1 Ch4 (pp.31–38) & footnotes.
A4: Factor | B4: For BENEFIC works | C4: For MALEFIC works | D4: Source
A5: Moon dignity | B5: Well dignified & strong | C5: Weak / afflicted | D5: B1 Ch4
A6: Saturn & Mars (infortunes) | B6: Safe from them and their aspects | C6: Combust or conjunct/applying to Saturn or Mars | D6: B1 Ch4; fn53
A7: Combustion / Sun’s rays | B7: Free of the Sun’s beams (> 12° from Sun) | C7: Combust / under the rays | D7: B1 Ch4
A8: Jupiter & Venus (fortunes) | B8: Joined by trine or sextile; separating from one fortune, applying to the other | C8: — | D8: B1 Ch4; fn51
A9: Via Combusta | B9: Avoid (8° Libra – 3° Scorpio) | C9: — | D9: B1 Ch4; fn54
A10: Moon speed | B10: Swift (≥ 12°/day) | C10: Slow (< 12°/day) — “assimilated to Saturn” | D10: B1 Ch4
A11: Eclipse | B11: Not applying to an eclipse | C11: — | D11: B1 Ch4
A12: End of sign | B12: Avoid the last degrees (terms of the infortunes) | C12: — | D12: B1 Ch4
A13: House / cadency | B13: Not cadent from the midheaven (avoid the 9th house) | C13: — | D13: B1 Ch4
A14: Day vs night | B14: Day work: Moon ascending in a diurnal sign. Night work: in a nocturnal sign | C14: — | D14: B1 Ch4
A15: Sign of ascension | B15: Short ascension (Cap–Gem) = swifter effect; long ascension = slower | C15: — | D15: B1 Ch4; fn52
... A17: Remedy if unavoidable | B17: Place Jupiter and/or Venus on the Ascendant or Midheaven to rectify an afflicted Moon | C17: — | D17: B1 Ch4

Sheet Lilly_Essential_Dignities
A1: WILLIAM LILLY — TABLE OF ESSENTIAL DIGNITIES (used by the calculator)
A2: Christian Astrology (1647), p.104 conventions. Scoring: Domicile +5, Exaltation +4, Triplicity +3, Term +2, Face +1; Detriment –5, Fall –4. Terms = Egyptian bounds; faces = Chaldean order.
A4: Sign | B4: Domicile | C4: Detriment | D4: Exalt. (°) | E4: Fall | F4: Tripl. (day) | G4: Tripl. (night) | H4: Terms (Egyptian) | I4: Faces / decans
A5: Aries | B5: Mars | C5: Venus | D5: Sun 19° | E5: Saturn | F5: Sun | G5: Jupiter | H5: Jupiter 0–6, Venus 6–12, Mercury 12–20, Mars 20–25, Saturn 25–30 | I5: Mars (0–10), Sun (10–20), Venus (20–30)
A6: Taurus | B6: Venus | C6: Mars | D6: Moon 3° | E6: — | F6: Venus | G6: Moon | H6: Venus 0–8, Mercury 8–14, Jupiter 14–22, Saturn 22–27, Mars 27–30 | I6: Mercury (0–10), Moon (10–20), Saturn (20–30)
A7: Gemini | B7: Mercury | C7: Jupiter | D7: — | E7: — | F7: Saturn | G7: Mercury | H7: Mercury 0–6, Jupiter 6–12, Venus 12–17, Mars 17–24, Saturn 24–30 | I7: Jupiter (0–10), Mars (10–20), Sun (20–30)
A8: Cancer | B8: Moon | C8: Saturn | D8: Jupiter 15° | E8: Mars | F8: Mars | G8: Mars | H8: Mars 0–7, Venus 7–13, Mercury 13–19, Jupiter 19–26, Saturn 26–30 | I8: Venus (0–10), Mercury (10–20), Moon (20–30)
A9: Leo | B9: Sun | C9: Saturn | D9: — | E9: — | F9: Sun | G9: Jupiter | H9: Jupiter 0–6, Venus 6–11, Saturn 11–18, Mercury 18–24, Mars 24–30 | I9: Saturn (0–10), Jupiter (10–20), Mars (20–30)
A10: Virgo | B10: Mercury | C10: Jupiter | D10: Mercury 15° | E10: Venus | F10: Venus | G10: Moon | H10: Mercury 0–7, Venus 7–17, Jupiter 17–21, Mars 21–28, Saturn 28–30 | I10: Sun (0–10), Venus (10–20), Mercury (20–30)
A11: Libra | B11: Venus | C11: Mars | D11: Saturn 21° | E11: Sun | F11: Saturn | G11: Mercury | H11: Saturn 0–6, Mercury 6–14, Jupiter 14–21, Venus 21–28, Mars 28–30 | I11: Moon (0–10), Saturn (10–20), Jupiter (20–30)
A12: Scorpio | B12: Mars | C12: Venus | D12: — | E12: Moon | F12: Mars | G12: Mars | H12: Mars 0–7, Venus 7–11, Mercury 11–19, Jupiter 19–24, Saturn 24–30 | I12: Mars (0–10), Sun (10–20), Venus (20–30)
A13: Sagittarius | B13: Jupiter | C13: Mercury | D13: — | E13: — | F13: Sun | G13: Jupiter | H13: Jupiter 0–12, Venus 12–17, Mercury 17–21, Saturn 21–26, Mars 26–30 | I13: Mercury (0–10), Moon (10–20), Saturn (20–30)
A14: Capricorn | B14: Saturn | C14: Moon | D14: Mars 28° | E14: Jupiter | F14: Venus | G14: Moon | H14: Venus 0–7, Mercury 7–14, Jupiter 14–22, Mars 22–26, Saturn 26–30 | I14: Jupiter (0–10), Mars (10–20), Sun (20–30)
A15: Aquarius | B15: Saturn | C15: Sun | D15: — | E15: — | F15: Saturn | G15: Mercury | H15: Saturn 0–7, Mercury 7–13, Venus 13–20, Jupiter 20–25, Mars 25–30 | I15: Venus (0–10), Mercury (10–20), Moon (20–30)
A16: Pisces | B16: Jupiter | C16: Mercury | D16: Venus 27° | E16: Mercury | F16: Mars | G16: Mars | H16: Venus 0–12, Jupiter 12–16, Mercury 16–19, Mars 19–28, Saturn 28–30 | I16: Saturn (0–10), Jupiter (10–20), Mars (20–30)

Sheet Glossary
A1: GLOSSARY — terms used in Book 1, Ch. 3–4
A3: Term | B3: Definition | C3: Source
A4: Fortunes | B4: The benefic planets Jupiter and Venus. | C4: B1 Ch4 fn51
A5: Infortunes | B5: The malefic planets Saturn and Mars. | C5: B1 Ch4 fn53
A6: Combustion / under the rays | B6: Moon (or planet) too near the Sun — here within 12° before/after — its virtue burned up. (Lilly: combust < 8°30′, under-beams < 17°, cazimi < 17′.) | C6: B1 Ch4
A7: Via Combusta | B7: “Burnt way,” 8° Libra to 3° Scorpio; an unfortunate stretch for the Moon, to be avoided. | C7: B1 Ch4 fn54
A8: Slow course | B8: Moon moving < 12°/day is “assimilated to Saturn” (sluggish, weakened). | C8: B1 Ch4
A9: Humane (human) signs | B9: Gemini, Virgo, Libra, Sagittarius, Aquarius — used for works concerning people. | C9: B1 Ch4 (Mansion 5)
A10: Signs of short / direct ascension | B10: Capricorn, Aquarius, Pisces, Aries, Taurus, Gemini — give swifter effects. | C10: B1 Ch4 fn52
A11: Signs of long / oblique ascension | B11: Cancer, Leo, Virgo, Libra, Scorpio, Sagittarius — give slower effects. | C11: B1 Ch4 fn52
A12: Diurnal / nocturnal signs | B12: Day vs night signs; match the rising sign to whether the work is by day or night. | C12: B1 Ch4
A13: Cadent from midheaven | B13: A planet in a cadent house (here the 9th, cadent from the MC) is weak in action. | C13: B1 Ch4
A14: Applying / separating | B14: A faster planet moving toward exactness of an aspect (applying) vs away from it (separating). | C14: Lilly, Christian Astrology
... A16: Mansion of the Moon | B16: One of 28 equal 12°51′ arcs from 0° Aries; the Moon’s mansion governs which images to make. | C16: B1 Ch4
